{"widget_workscout_tabbed":{"1":[],"2":{"recent":"1","popular":"1","comments":"1","recenttitle":"Recent","populartitle":"Popular","commentstitle":"Comments","number":"3"},"_multiwidget":1},"workscout_currency_setting":"USD","workscout_enable_filter_salary":"1","workscout_enable_filter_rate":"1","workscout_enable_resume_filter_rate":"1","workscout_enable_add_job_button":"1","workscout_enable_add_resume_button":"1","workscout_enable_resume_comments":"0","workscout_enable_location_sidebar":"1","workscout_enable_job_types_sidebar":"1","workscout_enable_job_tags_sidebar":"1","workscout_enable_hour_field":"0","workscout_currency_position":"before","workscout_core_version":"1.2.1","workscout_dashboard_page":"18884","workscout_messages_page":"18885","workscout_profile_page":"18886","workscout_lost_password_page":"18887","workscout_reset_password_page":"18888","workscout_categories_page":"2416","workscout_resume_categories_page":"0","workscout_orders_page":"","workscout_subscription_page":"","workscout_front_end_login":"on","workscout_popup_login":"ajax","workscout_privacy_policy":"","workscout_recaptcha":"on","workscout_recaptcha_reviews":"","workscout_recaptcha_sitekey":"","workscout_recaptcha_secretkey":"","workscout_registration_hide_role":"","workscout_registration_hide_username":"","workscout_display_first_last_name":"","workscout_display_password_field":"","workscout_maps_limit_country":"","workscout_map_center_point":"52.2296756,21.012228700000037","workscout_map_provider":"mapbox","workscout_maps_api":"","workscout_mapbox_access_token":"","workscout_mapbox_retina":"on","workscout_bing_maps_key":"","workscout_thunderforest_api_key":"","workscout_here_app_id":"","workscout_here_app_code":"","workscout_header_radius":"","workscout_maps_api_server":"","workscout_radius_state":"disabled","workscout_radius_unit":"km","workscout_maps_default_radius":"50","workscout_map_address_provider":"osm","workscout_currency":"USD","workscout_currency_position":"after","workscout_private_messages_job":"on","workscout_private_messages_resumes":"on","workscout_past_applications":"0","workscout_map_autolocate":"","workscout_autologin":"","workscout_recaptcha_version":"v3","workscout_recaptcha_sitekey3":"","workscout_recaptcha_secretkey3":"","dbem_credits":0,"woocommerce_cart_redirect_after_add":"yes","woocommerce_enable_ajax_add_to_cart":"no"}