{"block":{"2":{"content":"<!-- wp:search \/-->"},"3":{"content":"<!-- wp:group --><div class=\"wp-block-group\"><!-- wp:heading --><h2>Recent Posts<\/h2><!-- \/wp:heading --><!-- wp:latest-posts \/--><\/div><!-- \/wp:group -->"},"4":{"content":"<!-- wp:group --><div class=\"wp-block-group\"><!-- wp:heading --><h2>Recent Comments<\/h2><!-- \/wp:heading --><!-- wp:latest-comments {\"displayAvatar\":false,\"displayDate\":false,\"displayExcerpt\":false} \/--><\/div><!-- \/wp:group -->"},"5":{"content":"<!-- wp:group --><div class=\"wp-block-group\"><!-- wp:heading --><h2>Archives<\/h2><!-- \/wp:heading --><!-- wp:archives \/--><\/div><!-- \/wp:group -->"},"6":{"content":"<!-- wp:group --><div class=\"wp-block-group\"><!-- wp:heading --><h2>Categories<\/h2><!-- \/wp:heading --><!-- wp:categories \/--><\/div><!-- \/wp:group -->"},"_multiwidget":1},"workscout_tabbed":{"1":[],"2":{"recent":"1","popular":"1","comments":"1","recenttitle":"Recent","populartitle":"Popular","commentstitle":"Comments","number":"3"},"_multiwidget":1},"text":{"1":[],"2":{"title":"Do you have any questions?","text":"<div class=\"widget-box\">\r\n\t\t\t\t<p>If you are having any questions, please feel free to ask.<\/p>\r\n\t\t\t\t<a href=\"https:\/\/wordpress-722045-2428611.cloudwaysapps.com\/contact\/\" class=\"button widget-btn\"><i class=\"fa fa-envelope\"><\/i> Drop Us a Line<\/a>\r\n\t\t\t<\/div>","filter":false},"4":{"title":"Informations","text":"<div class=\"widget-box\">\r\n\t\t<p>Morbi eros bibendum lorem ipsum dolor pellentesque pellentesque bibendum. <\/p>\r\n\r\n\t\t<ul class=\"contact-informations\">\r\n\t\t\t<li>45 Park Avenue, Apt. 303<\/li>\r\n\t\t\t<li>New York, NY 10016 <\/li>\r\n\t\t<\/ul>\r\n\r\n\t\t<ul class=\"contact-informations second\">\r\n\t\t\t<li><i class=\"fa fa-phone\"><\/i> <p>+48 880 440 110<\/p><\/li>\r\n\t\t\t<li><i class=\"fa fa-envelope\"><\/i> <p>mail@example.com<\/p><\/li>\r\n\t\t\t<li><i class=\"fa fa-globe\"><\/i> <p>www.example.com<\/p><\/li>\r\n\t\t<\/ul>\r\n\r\n\t<\/div>","filter":false,"visual":false},"5":{"title":"","text":"","filter":true,"visual":true},"6":{"title":"","text":"","filter":true,"visual":true},"7":{"title":"","text":"","filter":true,"visual":true},"8":{"title":"Informations","text":"<div class=\"widget-box\">\r\n\t\t<p>Morbi eros bibendum lorem ipsum dolor pellentesque pellentesque bibendum. <\/p>\r\n\r\n\t\t<ul class=\"contact-informations\">\r\n\t\t\t<li>45 Park Avenue, Apt. 303<\/li>\r\n\t\t\t<li>New York, NY 10016 <\/li>\r\n\t\t<\/ul>\r\n\r\n\t\t<ul class=\"contact-informations second\">\r\n\t\t\t<li><i class=\"fa fa-phone\"><\/i> <p>+48 880 440 110<\/p><\/li>\r\n\t\t\t<li><i class=\"fa fa-envelope\"><\/i> <p>mail@example.com<\/p><\/li>\r\n\t\t\t<li><i class=\"fa fa-globe\"><\/i> <p>www.example.com<\/p><\/li>\r\n\t\t<\/ul>\r\n\r\n\t<\/div>","filter":true,"visual":true},"9":{"title":"Informations","text":"<div class=\"widget-box\">\r\n\t\t<p>Morbi eros bibendum lorem ipsum dolor pellentesque pellentesque bibendum. <\/p>\r\n\r\n\t\t<ul class=\"contact-informations\">\r\n\t\t\t<li>45 Park Avenue, Apt. 303<\/li>\r\n\t\t\t<li>New York, NY 10016 <\/li>\r\n\t\t<\/ul>\r\n\r\n\t\t<ul class=\"contact-informations second\">\r\n\t\t\t<li><i class=\"fa fa-phone\"><\/i> <p>+48 880 440 110<\/p><\/li>\r\n\t\t\t<li><i class=\"fa fa-envelope\"><\/i> <p>mail@example.com<\/p><\/li>\r\n\t\t\t<li><i class=\"fa fa-globe\"><\/i> <p>www.example.com<\/p><\/li>\r\n\t\t<\/ul>\r\n\r\n\t<\/div>","filter":true,"visual":true},"10":{"title":"Our Office","text":"Riverside Building, Londo SE1 7PB, UK\r\nPhone (123) 123-456\r\n<a href=\"#\">mail@example.com<\/a>","filter":true,"visual":true},"_multiwidget":1},"search":{"_multiwidget":1,"3":{"title":""}},"nav_menu":{"1":[],"2":{"title":"For Candidates","nav_menu":184},"3":{"title":"For Employers","nav_menu":118},"4":{"title":"Other","nav_menu":117},"5":{"title":"Legal","nav_menu":115},"6":{"title":"For Candidates","nav_menu":119},"_multiwidget":1},"widget_bookmarks_share":{"_multiwidget":1,"3":{"title":"Bookmarks & Share","bookmarks":"on","share":"on"},"4":{"title":"Bookmarks & Share","bookmarks":"on","share":"on"},"5":{"title":"Bookmarks & Share","bookmarks":"","share":"on"}}}