{"wp_inactive_widgets":["block-2","block-3","block-4","block-5","block-6","workscout_tabbed-2","text-5","text-6","text-7"],"sidebar-1":["search-3","text-2","text-9","nav_menu-2"],"sidebar-jobs":[],"sidebar-job-before":[],"sidebar-job-after":["widget_bookmarks_share-5"],"sidebar-task":["widget_bookmarks_share-3"],"sidebar-resume":["widget_bookmarks_share-4"],"sidebar-resumes":[],"sidebar-shop":[],"sidebar-companies":[],"footer1":["nav_menu-6"],"footer2":["nav_menu-3"],"footer3":["nav_menu-4"],"footer4":["nav_menu-5"],"footer5":[],"mobilemenu":["text-10"],"sidebar_contact":["text-4"],"contact":[],"undefined":["text-8"],"array_version":3}